{
  "parkfield": {
    "4.0": {
      "tag": "Parkfield_M4.0",
      "n": 47,
      "r": 0.3204606940281069,
      "re": 0.041540237532622266,
      "bh": 0.0,
      "cv": 1.624419917631475,
      "pp": 0.0005634364327126162,
      "po": 1.4863950494108073e-11,
      "best": "Poisson",
      "mean_iv": 1.0765214831818508
    },
    "4.5": {
      "tag": "Parkfield_M4.5",
      "n": 8,
      "r": 0.26337979485153457,
      "re": 0.12596950599857462,
      "bh": 0.0,
      "cv": 1.2308662187696482,
      "pp": 0.09740541409638981,
      "po": 0.007474019210027923,
      "best": "Poisson",
      "mean_iv": 3.6310397885533114
    }
  },
  "naf_seg": {
    "\u4e1c\u6bb5 >37E": {
      "tag": "\u4e1c\u6bb5 >37E",
      "n": 64,
      "r": 0.37828002964865587,
      "re": 0.040233174501057914,
      "bh": 0.0,
      "cv": 1.0276404569935205,
      "pp": 0.009469370621076334,
      "po": 0.00023599363611302577,
      "best": "Poisson",
      "mean_iv": 0.8003133330991387
    },
    "\u4e2d\u6bb5 33-37E": {
      "tag": "\u4e2d\u6bb5 33-37E",
      "n": 22,
      "r": 0.26309768597361066,
      "re": 0.05297670972781352,
      "bh": 0.0,
      "cv": 0.9864176636878641,
      "pp": 0.4711678647620414,
      "po": 0.01889122574312363,
      "best": "Poisson",
      "mean_iv": 2.1152884635713742
    },
    "\u897f\u6bb5 <33E": {
      "tag": "\u897f\u6bb5 <33E",
      "n": 73,
      "r": 0.32111956914632317,
      "re": 0.03241940417371592,
      "bh": 0.0,
      "cv": 2.7100444227024347,
      "pp": 4.308571318751266e-20,
      "po": 4.829521704071036e-31,
      "best": "Poisson",
      "mean_iv": 0.7212988182839225
    },
    "\u5168\u6bb5": {
      "tag": "\u5168\u6bb5",
      "n": 161,
      "r": 0.32510358371112097,
      "re": 0.023319011561984442,
      "bh": 0.0,
      "cv": 1.4555526442919338,
      "pp": 7.411122517132219e-15,
      "po": 3.3511080799563096e-25,
      "best": "Poisson",
      "mean_iv": 0.33576519529939297
    }
  }
}